{
"lengthUnit": "mil",
"remark": [],
"components": {
	"fields": ["COMPONENT_NO", "COMPONENT_NAME", "LAYER", "X_COORDINATE", "Y_COORDINATE", "ANGLE"],
	"rows": [
		[1, "SW1", "T", -465, 1050, 0],
		[2, "U1", "T", -455, 1875, 0],
		[3, "PAD1", "T", -774.685, 1525, 0],
		[4, "PAD1", "B", -774.685, 1525, 0],
		[5, "PAD2", "T", -135.315, 2125, 0],
		[6, "PAD2", "B", -135.315, 2125, 0],
		[7, "PAD3", "T", -614.9997, 1149.9998, 0],
		[8, "PAD3", "B", -614.9997, 1149.9998, 0],
		[9, "PAD4", "T", -365.0002, 1249.9996, 0],
		[10, "PAD4", "B", -365.0002, 1249.9996, 0]
	]
},
"pins": {
	"fields": ["PIN_NO", "PIN_NAME", "PIN_X", "PIN_Y", "LAYER", "PIN_TYPE", "NET_NAME", "NET_TYPE", "PAD_SHAPE", "PAD_SIZEX", "PAD_SIZEY", "HOLE_SIZE", "HOLE_LEN", "PAD_ANGLE"],
	"rows": [
		[1, "SW1_1", -614.9997, 1149.9998, "T", "DIP", "GND", "GND", "C", 98.425, 98.425, 59.055, 59.055, 0],
		[2, "SW1_1", -614.9997, 1149.9998, "B", "DIP", "GND", "GND", "C", 98.425, 98.425, 59.055, 59.055, 0],
		[3, "SW1_2", -365.0002, 1249.9996, "T", "DIP", "$1N305", "", "C", 98.425, 98.425, 59.055, 59.055, 0],
		[4, "SW1_2", -365.0002, 1249.9996, "B", "DIP", "$1N305", "", "C", 98.425, 98.425, 59.055, 59.055, 0],
		[5, "SW1_3", -265.0004, 1050, "T", "DIP", "NET_1", "", "C", 68.8975, 68.8975, 68.8975, 68.8975, 0],
		[6, "SW1_3", -265.0004, 1050, "B", "DIP", "NET_1", "", "C", 68.8975, 68.8975, 68.8975, 68.8975, 0],
		[7, "SW1_4", -465, 1050, "T", "DIP", "NET_2", "", "C", 157.48, 157.48, 157.48, 157.48, 0],
		[8, "SW1_4", -465, 1050, "B", "DIP", "NET_2", "", "C", 157.48, 157.48, 157.48, 157.48, 0],
		[9, "SW1_5", -664.9996, 1050, "T", "DIP", "NET_3", "", "C", 68.8975, 68.8975, 68.8975, 68.8975, 0],
		[10, "SW1_5", -664.9996, 1050, "B", "DIP", "NET_3", "", "C", 68.8975, 68.8975, 68.8975, 68.8975, 0],
		[11, "U1_1", -774.685, 2225, "T", "DIP", "NET_4", "", "O", 111.1811, 60, 36, 36, 0],
		[12, "U1_1", -774.685, 2225, "B", "DIP", "NET_4", "", "O", 111.1811, 60, 36, 36, 0],
		[13, "U1_2", -774.685, 2125, "T", "DIP", "NET_5", "", "O", 111.1811, 60, 36, 36, 0],
		[14, "U1_2", -774.685, 2125, "B", "DIP", "NET_5", "", "O", 111.1811, 60, 36, 36, 0],
		[15, "U1_3", -774.685, 2025, "T", "DIP", "NET_6", "", "O", 111.1811, 60, 36, 36, 0],
		[16, "U1_3", -774.685, 2025, "B", "DIP", "NET_6", "", "O", 111.1811, 60, 36, 36, 0],
		[17, "U1_4", -774.685, 1925, "T", "DIP", "NET_7", "", "O", 111.1811, 60, 36, 36, 0],
		[18, "U1_4", -774.685, 1925, "B", "DIP", "NET_7", "", "O", 111.1811, 60, 36, 36, 0],
		[19, "U1_5", -774.685, 1825, "T", "DIP", "NET_8", "", "O", 111.1811, 60, 36, 36, 0],
		[20, "U1_5", -774.685, 1825, "B", "DIP", "NET_8", "", "O", 111.1811, 60, 36, 36, 0],
		[21, "U1_6", -774.685, 1725, "T", "DIP", "NET_9", "", "O", 111.1811, 60, 36, 36, 0],
		[22, "U1_6", -774.685, 1725, "B", "DIP", "NET_9", "", "O", 111.1811, 60, 36, 36, 0],
		[23, "U1_7", -774.685, 1625, "T", "DIP", "NET_10", "", "O", 111.1811, 60, 36, 36, 0],
		[24, "U1_7", -774.685, 1625, "B", "DIP", "NET_10", "", "O", 111.1811, 60, 36, 36, 0],
		[25, "U1_8", -774.685, 1525, "T", "DIP", "$1N305", "", "O", 111.1811, 60, 36, 36, 0],
		[26, "U1_8", -774.685, 1525, "B", "DIP", "$1N305", "", "O", 111.1811, 60, 36, 36, 0],
		[27, "U1_9", -135.315, 1525, "T", "DIP", "NET_11", "", "O", 111.1811, 60, 36, 36, 180],
		[28, "U1_9", -135.315, 1525, "B", "DIP", "NET_11", "", "O", 111.1811, 60, 36, 36, 180],
		[29, "U1_10", -135.315, 1625, "T", "DIP", "NET_12", "", "O", 111.1811, 60, 36, 36, 180],
		[30, "U1_10", -135.315, 1625, "B", "DIP", "NET_12", "", "O", 111.1811, 60, 36, 36, 180],
		[31, "U1_11", -135.315, 1725, "T", "DIP", "NET_13", "", "O", 111.1811, 60, 36, 36, 180],
		[32, "U1_11", -135.315, 1725, "B", "DIP", "NET_13", "", "O", 111.1811, 60, 36, 36, 180],
		[33, "U1_12", -135.315, 1825, "T", "DIP", "NET_14", "", "O", 111.1811, 60, 36, 36, 180],
		[34, "U1_12", -135.315, 1825, "B", "DIP", "NET_14", "", "O", 111.1811, 60, 36, 36, 180],
		[35, "U1_13", -135.315, 1925, "T", "DIP", "NET_15", "", "O", 111.1811, 60, 36, 36, 180],
		[36, "U1_13", -135.315, 1925, "B", "DIP", "NET_15", "", "O", 111.1811, 60, 36, 36, 180],
		[37, "U1_14", -135.315, 2025, "T", "DIP", "NET_16", "", "O", 111.1811, 60, 36, 36, 180],
		[38, "U1_14", -135.315, 2025, "B", "DIP", "NET_16", "", "O", 111.1811, 60, 36, 36, 180],
		[39, "U1_15", -135.315, 2125, "T", "DIP", "GND", "GND", "O", 111.1811, 60, 36, 36, 180],
		[40, "U1_15", -135.315, 2125, "B", "DIP", "GND", "GND", "O", 111.1811, 60, 36, 36, 180],
		[41, "U1_16", -135.315, 2225, "T", "DIP", "NET_17", "", "O", 111.1811, 60, 36, 36, 180],
		[42, "U1_16", -135.315, 2225, "B", "DIP", "NET_17", "", "O", 111.1811, 60, 36, 36, 180],
		[43, "PAD1_8", -774.685, 1525, "T", "DIP", "$1N305", "", "O", 111.1811, 60, 36, 36, 0],
		[44, "PAD1_8", -774.685, 1525, "B", "DIP", "$1N305", "", "O", 111.1811, 60, 36, 36, 0],
		[45, "PAD2_15", -135.315, 2125, "T", "DIP", "GND", "GND", "O", 111.1811, 60, 36, 36, 180],
		[46, "PAD2_15", -135.315, 2125, "B", "DIP", "GND", "GND", "O", 111.1811, 60, 36, 36, 180],
		[47, "PAD3_1", -614.9997, 1149.9998, "T", "DIP", "GND", "GND", "C", 98.425, 98.425, 59.055, 59.055, 0],
		[48, "PAD3_1", -614.9997, 1149.9998, "B", "DIP", "GND", "GND", "C", 98.425, 98.425, 59.055, 59.055, 0],
		[49, "PAD4_2", -365.0002, 1249.9996, "T", "DIP", "$1N305", "", "C", 98.425, 98.425, 59.055, 59.055, 0],
		[50, "PAD4_2", -365.0002, 1249.9996, "B", "DIP", "$1N305", "", "C", 98.425, 98.425, 59.055, 59.055, 0]
	]
}
}